{"cameraMode":{"drawMode":0,"name":"Shaded","section":"Shading Mode"},"sceneLighting":true,"audioPlay":false,"sceneViewState":{"m_AlwaysRefresh":false,"showFog":true,"showSkybox":true,"showFlares":true,"showImageEffects":true,"showParticleSystems":true,"showVisualEffectGraphs":true,"m_FxEnabled":false},"in2DMode":false,"pivot":{"x":-9.800000190734864,"y":0.7138001918792725,"z":-3.200000047683716},"rotation":{"x":0.028805896639823915,"y":-0.006002095993608236,"z":0.00017142821161542088,"w":0.9995701313018799},"size":1.0957462787628174,"orthographic":false}